FULL_CODE,PAR_CODE,PAR_NAME,DUN_CODE,DUN_NAME,DM_CODE,DM_NAME,POPULATION
140/01/01,140,SEGAMAT,01,BULOH KASAP,01,Mensudot Lama,398
140/01/02,140,SEGAMAT,01,BULOH KASAP,02,Balai Badang,598
140/01/03,140,SEGAMAT,01,BULOH KASAP,03,Palong Timor,3793
140/01/04,140,SEGAMAT,01,BULOH KASAP,04,Sepang Loi,722
140/01/05,140,SEGAMAT,01,BULOH KASAP,05,Mensudot Pindah,478
140/01/06,140,SEGAMAT,01,BULOH KASAP,06,Awat,425
140/01/07,140,SEGAMAT,01,BULOH KASAP,07,Pekan Gemas Bahru,2391
140/01/08,140,SEGAMAT,01,BULOH KASAP,08,Gomali,392
140/01/09,140,SEGAMAT,01,BULOH KASAP,09,Tambang,317
140/01/10,140,SEGAMAT,01,BULOH KASAP,10,Paya Lang,892
140/01/11,140,SEGAMAT,01,BULOH KASAP,11,Ladang Sungai Muar,452
140/01/12,140,SEGAMAT,01,BULOH KASAP,12,Kuala Paya,807
140/01/13,140,SEGAMAT,01,BULOH KASAP,13,Bandar Buloh Kasap Utara,844
140/01/14,140,SEGAMAT,01,BULOH KASAP,14,Bandar Buloh Kasap Selatan,1879
140/01/15,140,SEGAMAT,01,BULOH KASAP,15,Buloh Kasap,3453
140/01/16,140,SEGAMAT,01,BULOH KASAP,16,Gelang Chinchin,671
140/01/17,140,SEGAMAT,01,BULOH KASAP,17,Sepinang,560
140/02/01,140,SEGAMAT,02,JEMENTAH,01,Gemas Baru,248
140/02/02,140,SEGAMAT,02,JEMENTAH,02,Fortrose,143
140/02/03,140,SEGAMAT,02,JEMENTAH,03,Sungai Senarut,584
140/02/04,140,SEGAMAT,02,JEMENTAH,04,Bandar Batu Anam,2743
140/02/05,140,SEGAMAT,02,JEMENTAH,05,Batu Anam,1437
140/02/06,140,SEGAMAT,02,JEMENTAH,06,Bandan,421
140/02/07,140,SEGAMAT,02,JEMENTAH,07,Welch,388
140/02/08,140,SEGAMAT,02,JEMENTAH,08,Paya Jakas,472
140/02/09,140,SEGAMAT,02,JEMENTAH,09,Bandar Jementah Barat,3486
140/02/10,140,SEGAMAT,02,JEMENTAH,10,Bandar Jementah Timor,2719
140/02/11,140,SEGAMAT,02,JEMENTAH,11,Bandar Jementah Tengah,414
140/02/12,140,SEGAMAT,02,JEMENTAH,12,Bandar Jementah Selatan,865
140/02/13,140,SEGAMAT,02,JEMENTAH,13,Jementah,365
140/02/14,140,SEGAMAT,02,JEMENTAH,14,Sungai Siput,439
140/02/15,140,SEGAMAT,02,JEMENTAH,15,Kampong Bukit Tunggal,328
140/02/16,140,SEGAMAT,02,JEMENTAH,16,Tebing Tinggi,343
140/02/17,140,SEGAMAT,02,JEMENTAH,17,Gemereh,1983
140/02/18,140,SEGAMAT,02,JEMENTAH,18,Berata,1511
140/02/19,140,SEGAMAT,02,JEMENTAH,19,Jalan Kolam Air,821
140/02/20,140,SEGAMAT,02,JEMENTAH,20,Sungai Kapeh,999
140/02/21,140,SEGAMAT,02,JEMENTAH,21,Pasar,741
140/02/22,140,SEGAMAT,02,JEMENTAH,22,Bandar,819
140/02/23,140,SEGAMAT,02,JEMENTAH,23,Jalan Gemereh,1360
140/02/24,140,SEGAMAT,02,JEMENTAH,24,Genuang,294
140/02/25,140,SEGAMAT,02,JEMENTAH,25,Genuang Selatan,2169
140/02/26,140,SEGAMAT,02,JEMENTAH,26,Kampong Abdullah Utara,3517
141/03/01,141,SEKIJANG,03,PEMANIS,01,Pemanis 1,2410
141/03/02,141,SEKIJANG,03,PEMANIS,02,Pemanis 2,1995
141/03/03,141,SEKIJANG,03,PEMANIS,03,Bumbun,954
141/03/04,141,SEKIJANG,03,PEMANIS,04,Sulir,922
141/03/05,141,SEKIJANG,03,PEMANIS,05,Pekan Jabi,2762
141/03/06,141,SEKIJANG,03,PEMANIS,06,Tahang Rimau,1577
141/03/07,141,SEKIJANG,03,PEMANIS,07,Jalan Buloh Kasap,705
141/03/08,141,SEKIJANG,03,PEMANIS,08,Kampong Mengkudu,671
141/03/09,141,SEKIJANG,03,PEMANIS,09,Kampong Tengah,1510
141/03/10,141,SEKIJANG,03,PEMANIS,10,FELDA Medoi,1579
141/03/11,141,SEKIJANG,03,PEMANIS,11,Kampong Jawa,3553
141/03/12,141,SEKIJANG,03,PEMANIS,12,Gubah,1492
141/03/13,141,SEKIJANG,03,PEMANIS,13,Kampong Abdullah Selatan,676
141/04/01,141,SEKIJANG,04,KEMELAH,01,Segamat Baru,4833
141/04/02,141,SEKIJANG,04,KEMELAH,02,Ladang Segamat,510
141/04/03,141,SEKIJANG,04,KEMELAH,03,FELDA Kemelah,1831
141/04/04,141,SEKIJANG,04,KEMELAH,04,Redong,3221
141/04/05,141,SEKIJANG,04,KEMELAH,05,Sekijang,361
141/04/06,141,SEKIJANG,04,KEMELAH,06,Chuan Moh San,418
141/04/07,141,SEKIJANG,04,KEMELAH,07,Kampong Melayu Raya,886
141/04/08,141,SEKIJANG,04,KEMELAH,08,Bukit Siput,413
141/04/09,141,SEKIJANG,04,KEMELAH,09,Pekan Bukit Siput Utara,2961
141/04/10,141,SEKIJANG,04,KEMELAH,10,Paya Pulai,1793
141/04/11,141,SEKIJANG,04,KEMELAH,11,Pogoh,1197
141/04/12,141,SEKIJANG,04,KEMELAH,12,Ladang Labis Bahru,202
141/04/13,141,SEKIJANG,04,KEMELAH,13,Pekan Bukit Siput Selatan,2464
142/05/01,142,LABIS,05,TENANG,01,Kampong Redong,724
142/05/02,142,LABIS,05,TENANG,02,Pekan Ayer Panas,1042
142/05/03,142,LABIS,05,TENANG,03,Ladang Labis Utara,467
142/05/04,142,LABIS,05,TENANG,04,Bandar Labis Timor,1720
142/05/05,142,LABIS,05,TENANG,05,Bandar Labis Tengah,2131
142/05/06,142,LABIS,05,TENANG,06,Labis,2907
142/05/07,142,LABIS,05,TENANG,07,FELDA Tenang,1732
142/05/08,142,LABIS,05,TENANG,08,Sawah Bahru,384
142/05/09,142,LABIS,05,TENANG,09,Tenang Station,2099
142/05/10,142,LABIS,05,TENANG,10,Ladang Bukit Dato,874
142/05/11,142,LABIS,05,TENANG,11,Chemplak Barat,2339
142/05/12,142,LABIS,05,TENANG,12,Chemplak,1654
142/06/01,142,LABIS,06,BEKOK,01,Bandar Labis Selatan,1832
142/06/02,142,LABIS,06,BEKOK,02,Bandar Labis Barat,1179
142/06/03,142,LABIS,06,BEKOK,03,Sungai Karas,1007
142/06/04,142,LABIS,06,BEKOK,04,Kampong Panchajaya,507
142/06/05,142,LABIS,06,BEKOK,05,Kampong Kudong,400
142/06/06,142,LABIS,06,BEKOK,06,Ladang Kempas,88
142/06/07,142,LABIS,06,BEKOK,07,Kampong Bahru Bekok Barat,965
142/06/08,142,LABIS,06,BEKOK,08,Kampong Bahru Bekok Tengah,618
142/06/09,142,LABIS,06,BEKOK,09,Kampong Bahru Bekok Timor,1298
142/06/10,142,LABIS,06,BEKOK,10,Bandar Bekok,749
142/06/11,142,LABIS,06,BEKOK,11,Ladang Getah Eldred Bekok,202
142/06/12,142,LABIS,06,BEKOK,12,Johor Labis 'A',411
142/06/13,142,LABIS,06,BEKOK,13,Chaah Barat,509
142/06/14,142,LABIS,06,BEKOK,14,Bandar Chaah Utara,1567
142/06/15,142,LABIS,06,BEKOK,15,Bandar Chaah Tengah,1280
142/06/16,142,LABIS,06,BEKOK,16,Bandar Chaah Selatan,669
142/06/17,142,LABIS,06,BEKOK,17,Kampong Jawa Chaah,3707
142/06/18,142,LABIS,06,BEKOK,18,Chaah Timor,163
142/06/19,142,LABIS,06,BEKOK,19,Chan Wing,328
142/06/20,142,LABIS,06,BEKOK,20,Ladang Gerchang,479
142/06/21,142,LABIS,06,BEKOK,21,Desa Temu Jodoh,1092
142/06/22,142,LABIS,06,BEKOK,22,Perling,445
143/07/01,143,PAGOH,07,BUKIT KEPONG,01,Bandar Bukit Kepong,496
143/07/02,143,PAGOH,07,BUKIT KEPONG,02,FELCRA Paya Kepar,1373
143/07/03,143,PAGOH,07,BUKIT KEPONG,03,Ma'okil,3022
143/07/04,143,PAGOH,07,BUKIT KEPONG,04,Bukit Kepong,1297
143/07/05,143,PAGOH,07,BUKIT KEPONG,05,Lenga Utara,444
143/07/06,143,PAGOH,07,BUKIT KEPONG,06,Lenga Selatan,853
143/07/07,143,PAGOH,07,BUKIT KEPONG,07,Kampong Bahru,1096
143/07/08,143,PAGOH,07,BUKIT KEPONG,08,Lenga,932
143/07/09,143,PAGOH,07,BUKIT KEPONG,09,Kampong Gombang,348
143/07/10,143,PAGOH,07,BUKIT KEPONG,10,Liang Batu,650
143/07/11,143,PAGOH,07,BUKIT KEPONG,11,Lenga Road,914
143/07/12,143,PAGOH,07,BUKIT KEPONG,12,Pagoh,1094
143/07/13,143,PAGOH,07,BUKIT KEPONG,13,Bandar Pagoh Utara,1058
143/07/14,143,PAGOH,07,BUKIT KEPONG,14,Bandar Pagoh Selatan,1142
143/07/15,143,PAGOH,07,BUKIT KEPONG,15,Paya Redan,1076
143/08/01,143,PAGOH,08,BUKIT PASIR,01,Samasih,799
143/08/02,143,PAGOH,08,BUKIT PASIR,02,Kampong Raja,1327
143/08/03,143,PAGOH,08,BUKIT PASIR,03,Panchor,854
143/08/04,143,PAGOH,08,BUKIT PASIR,04,Bandar Panchor,907
143/08/05,143,PAGOH,08,BUKIT PASIR,05,Kampong Jawa,1078
143/08/06,143,PAGOH,08,BUKIT PASIR,06,Jorak,1197
143/08/07,143,PAGOH,08,BUKIT PASIR,07,Tanjong Selabu,268
143/08/08,143,PAGOH,08,BUKIT PASIR,08,Pergam,246
143/08/09,143,PAGOH,08,BUKIT PASIR,09,Temiang,2670
143/08/10,143,PAGOH,08,BUKIT PASIR,10,Sungai Terap,1088
143/08/11,143,PAGOH,08,BUKIT PASIR,11,Sungai Raya,2034
143/08/12,143,PAGOH,08,BUKIT PASIR,12,Kampong Tengah,358
143/08/13,143,PAGOH,08,BUKIT PASIR,13,Permatang Pasir,699
143/08/14,143,PAGOH,08,BUKIT PASIR,14,Pekan Bukit Pasir Barat,1235
143/08/15,143,PAGOH,08,BUKIT PASIR,15,Pekan Bukit Pasir Utara,1525
143/08/16,143,PAGOH,08,BUKIT PASIR,16,Pekan Bukit Pasir Selatan,1051
143/08/17,143,PAGOH,08,BUKIT PASIR,17,Bukit Pasir,704
143/08/18,143,PAGOH,08,BUKIT PASIR,18,Ladang Craigielea,341
143/08/19,143,PAGOH,08,BUKIT PASIR,19,Panjang Sari,1161
143/08/20,143,PAGOH,08,BUKIT PASIR,20,Bukit Treh,1050
144/09/01,144,LEDANG,09,GAMBIR,01,Kampong Teratai,876
144/09/02,144,LEDANG,09,GAMBIR,02,Sri Ledang,1195
144/09/03,144,LEDANG,09,GAMBIR,03,FELDA Sri Jaya,1487
144/09/04,144,LEDANG,09,GAMBIR,04,Durian Chondong,565
144/09/05,144,LEDANG,09,GAMBIR,05,Kundang Ulu,1551
144/09/06,144,LEDANG,09,GAMBIR,06,Ladang Serampang,274
144/09/07,144,LEDANG,09,GAMBIR,07,Parit Raja,1658
144/09/08,144,LEDANG,09,GAMBIR,08,Bandar Grisek Timor,669
144/09/09,144,LEDANG,09,GAMBIR,09,Grisek,1324
144/09/10,144,LEDANG,09,GAMBIR,10,Kampong Kundang Ulu,869
144/09/11,144,LEDANG,09,GAMBIR,11,Ladang Nordanal,179
144/09/12,144,LEDANG,09,GAMBIR,12,Kampong Babok,1359
144/09/13,144,LEDANG,09,GAMBIR,13,Sengkang,1307
144/09/14,144,LEDANG,09,GAMBIR,14,Sawah Ring,1080
144/09/15,144,LEDANG,09,GAMBIR,15,Bukit Gambir,1994
144/09/16,144,LEDANG,09,GAMBIR,16,Parit Kassan,2045
144/09/17,144,LEDANG,09,GAMBIR,17,Simpang Lima,1090
144/09/18,144,LEDANG,09,GAMBIR,18,Parit Bilah,716
144/09/19,144,LEDANG,09,GAMBIR,19,Pekan Bukit Gambir Barat,1414
144/09/20,144,LEDANG,09,GAMBIR,20,Pekan Bukit Gambir Timor,1730
144/09/21,144,LEDANG,09,GAMBIR,21,Pekan Bukit Gambir Utara,1104
144/10/01,144,LEDANG,10,TANGKAK,01,Kebun Bahru,908
144/10/02,144,LEDANG,10,TANGKAK,02,Ladang Sagil,1124
144/10/03,144,LEDANG,10,TANGKAK,03,Bandar Sagil Luar,2427
144/10/04,144,LEDANG,10,TANGKAK,04,Sagil,2081
144/10/05,144,LEDANG,10,TANGKAK,05,Asahan Relau,505
144/10/06,144,LEDANG,10,TANGKAK,06,Kampong Bahru Bekoh,1266
144/10/07,144,LEDANG,10,TANGKAK,07,Payamas,1820
144/10/08,144,LEDANG,10,TANGKAK,08,Jalan Sialang,2543
144/10/09,144,LEDANG,10,TANGKAK,09,Bandar Tangkak Utara,1913
144/10/10,144,LEDANG,10,TANGKAK,10,Bandar Tangkak Timor,2212
144/10/11,144,LEDANG,10,TANGKAK,11,Bandar Tangkak Selatan,2189
144/10/12,144,LEDANG,10,TANGKAK,12,Bandar Tangkak Barat,2108
144/10/13,144,LEDANG,10,TANGKAK,13,Pengkalan Besar,972
144/10/14,144,LEDANG,10,TANGKAK,14,Kampong Solok,1450
144/10/15,144,LEDANG,10,TANGKAK,15,Bukit Banjar,537
144/10/16,144,LEDANG,10,TANGKAK,16,Bandar Tangkak,2185
144/10/17,144,LEDANG,10,TANGKAK,17,Taman Tangkak Jaya,3904
144/11/01,144,LEDANG,11,SEROM,01,Kampong Sri Jaya,226
144/11/02,144,LEDANG,11,SEROM,02,Parit Zing,1278
144/11/03,144,LEDANG,11,SEROM,03,Blemang,772
144/11/04,144,LEDANG,11,SEROM,04,Paya Kepong,317
144/11/05,144,LEDANG,11,SEROM,05,Telok Rimba,1097
144/11/06,144,LEDANG,11,SEROM,06,Pekan Bukit Kangkar,1899
144/11/07,144,LEDANG,11,SEROM,07,Bukit Kangkar,592
144/11/08,144,LEDANG,11,SEROM,08,Serom Darat,1444
144/11/09,144,LEDANG,11,SEROM,09,Serom Lima,599
144/11/10,144,LEDANG,11,SEROM,10,Serom Lapan,1141
144/11/11,144,LEDANG,11,SEROM,11,Serom Baroh,1840
144/11/12,144,LEDANG,11,SEROM,12,Bandar Serom,832
144/11/13,144,LEDANG,11,SEROM,13,Sungai Mati,1304
144/11/14,144,LEDANG,11,SEROM,14,Kesang Tasek,972
144/11/15,144,LEDANG,11,SEROM,15,Bandar Sungai Mati,1168
144/11/16,144,LEDANG,11,SEROM,16,Rawang,1623
144/11/17,144,LEDANG,11,SEROM,17,Kampong Pantai Layang,757
144/11/18,144,LEDANG,11,SEROM,18,Parit Bunga,1514
144/11/19,144,LEDANG,11,SEROM,19,Kesang,1520
144/11/20,144,LEDANG,11,SEROM,20,Parit Pajar,1503
144/11/21,144,LEDANG,11,SEROM,21,Tanjong Gading,903
144/11/22,144,LEDANG,11,SEROM,22,Tanjong Agas Utara,1518
144/11/23,144,LEDANG,11,SEROM,23,Tanjong Agas Selatan,2584
145/12/01,145,BAKRI,12,BENTAYAN,01,Jalan Ismail,1371
145/12/02,145,BAKRI,12,BENTAYAN,02,Parit Beting,4418
145/12/03,145,BAKRI,12,BENTAYAN,03,Sabak Awor,1585
145/12/04,145,BAKRI,12,BENTAYAN,04,Parit Tiram,2540
145/12/05,145,BAKRI,12,BENTAYAN,05,Bentayan,1595
145/12/06,145,BAKRI,12,BENTAYAN,06,Pasar,866
145/12/07,145,BAKRI,12,BENTAYAN,07,Bandar Timor,1370
145/12/08,145,BAKRI,12,BENTAYAN,08,Jalan Daud Timor,3654
145/12/09,145,BAKRI,12,BENTAYAN,09,Jalan Daud Barat,552
145/12/10,145,BAKRI,12,BENTAYAN,10,Taman Orkid,2329
145/12/11,145,BAKRI,12,BENTAYAN,11,Sungai Abong Tengah,2239
145/12/12,145,BAKRI,12,BENTAYAN,12,Sungai Abong Baru,2452
145/12/13,145,BAKRI,12,BENTAYAN,13,Bandar Barat,2085
145/13/01,145,BAKRI,13,SIMPANG JERAM,01,Jalan Sakeh,5295
145/13/02,145,BAKRI,13,SIMPANG JERAM,02,Temenggong Ahmad Dalam,3000
145/13/03,145,BAKRI,13,SIMPANG JERAM,03,Sungai Abong,1628
145/13/04,145,BAKRI,13,SIMPANG JERAM,04,Jalan Haji Abdullah,1910
145/13/05,145,BAKRI,13,SIMPANG JERAM,05,Haji Abdullah Selatan,1256
145/13/06,145,BAKRI,13,SIMPANG JERAM,06,Jeram Tengah,1128
145/13/07,145,BAKRI,13,SIMPANG JERAM,07,Bukit Batu,1323
145/13/08,145,BAKRI,13,SIMPANG JERAM,08,Kampong Ulu,1862
145/13/09,145,BAKRI,13,SIMPANG JERAM,09,Simpang Jeram,3840
145/13/10,145,BAKRI,13,SIMPANG JERAM,10,Sri Tanjong,817
145/13/11,145,BAKRI,13,SIMPANG JERAM,11,Kampong Sungai Abong,3324
145/14/01,145,BAKRI,14,BUKIT NANING,01,Pekan Bukit Bakri Timor,2609
145/14/02,145,BAKRI,14,BUKIT NANING,02,Pekan Bukit Bakri Barat,4010
145/14/03,145,BAKRI,14,BUKIT NANING,03,Bakri,188
145/14/04,145,BAKRI,14,BUKIT NANING,04,Parit Zain,2830
145/14/05,145,BAKRI,14,BUKIT NANING,05,Ayer Manis,228
145/14/06,145,BAKRI,14,BUKIT NANING,06,Bukit Naning,1950
145/14/07,145,BAKRI,14,BUKIT NANING,07,Ayer Hitam,2511
145/14/08,145,BAKRI,14,BUKIT NANING,08,Kampong Parit Tengah,1516
145/14/09,145,BAKRI,14,BUKIT NANING,09,Parit No 5,582
145/14/10,145,BAKRI,14,BUKIT NANING,10,Parit Shafiee,424
146/15/01,146,MUAR,15,MAHARANI,01,Maharani,2629
146/15/02,146,MUAR,15,MAHARANI,02,Tanjong,2378
146/15/03,146,MUAR,15,MAHARANI,03,Tanjong Selatan,1253
146/15/04,146,MUAR,15,MAHARANI,04,Jalan Khalidi,1146
146/15/05,146,MUAR,15,MAHARANI,05,Temenggong Ahmad Selatan,2975
146/15/06,146,MUAR,15,MAHARANI,06,Parit Prupok Timor,1122
146/15/07,146,MUAR,15,MAHARANI,07,Parit Prupok Barat,2568
146/15/08,146,MUAR,15,MAHARANI,08,Parit Keroma,1544
146/15/09,146,MUAR,15,MAHARANI,09,Parit Raja,1546
146/15/10,146,MUAR,15,MAHARANI,10,Parit Bakar Darat,1463
146/15/11,146,MUAR,15,MAHARANI,11,Parit Bakar,1512
146/15/12,146,MUAR,15,MAHARANI,12,Parit Unas,2336
146/15/13,146,MUAR,15,MAHARANI,13,Parit Pinang Seribu,1400
146/15/14,146,MUAR,15,MAHARANI,14,Parit Samsu,1154
146/16/01,146,MUAR,16,SUNGAI BALANG,01,Parit No 3,645
146/16/02,146,MUAR,16,SUNGAI BALANG,02,Parit Kassim,1649
146/16/03,146,MUAR,16,SUNGAI BALANG,03,Bukit Mor,1110
146/16/04,146,MUAR,16,SUNGAI BALANG,04,Parit Nawee,795
146/16/05,146,MUAR,16,SUNGAI BALANG,05,Bandar Parit Jawa Utara,2257
146/16/06,146,MUAR,16,SUNGAI BALANG,06,Bandar Parit Jawa Selatan,563
146/16/07,146,MUAR,16,SUNGAI BALANG,07,Parit Jawa,1151
146/16/08,146,MUAR,16,SUNGAI BALANG,08,Parit Tengah,817
146/16/09,146,MUAR,16,SUNGAI BALANG,09,Parit Jamil Darat,1378
146/16/10,146,MUAR,16,SUNGAI BALANG,10,Parit Pechah,1103
146/16/11,146,MUAR,16,SUNGAI BALANG,11,Sri Menanti,1085
146/16/12,146,MUAR,16,SUNGAI BALANG,12,Sungai Sudah,1448
146/16/13,146,MUAR,16,SUNGAI BALANG,13,Sungai Balang,1396
146/16/14,146,MUAR,16,SUNGAI BALANG,14,Sungai Balang Besar,1344
146/16/15,146,MUAR,16,SUNGAI BALANG,15,Sungai Balang Darat,332
146/16/16,146,MUAR,16,SUNGAI BALANG,16,Sarang Buaya Darat,902
146/16/17,146,MUAR,16,SUNGAI BALANG,17,Parit Yusof,1883
146/16/18,146,MUAR,16,SUNGAI BALANG,18,Sarang Buaya laut,866
146/16/19,146,MUAR,16,SUNGAI BALANG,19,Kampong Parit Bulat,333
147/17/01,147,PARIT SULONG,17,SEMERAH,01,Parit Nibong Darat,1542
147/17/02,147,PARIT SULONG,17,SEMERAH,02,Batu Puteh,498
147/17/03,147,PARIT SULONG,17,SEMERAH,03,Separap,1542
147/17/04,147,PARIT SULONG,17,SEMERAH,04,Kampong Batu Puteh,881
147/17/05,147,PARIT SULONG,17,SEMERAH,05,Semerah,1202
147/17/06,147,PARIT SULONG,17,SEMERAH,06,Bandar Semerah,735
147/17/07,147,PARIT SULONG,17,SEMERAH,07,Lubok,1376
147/17/08,147,PARIT SULONG,17,SEMERAH,08,Parit Kuda,1007
147/17/09,147,PARIT SULONG,17,SEMERAH,09,Parit Besar,1277
147/17/10,147,PARIT SULONG,17,SEMERAH,10,Gambut,855
147/17/11,147,PARIT SULONG,17,SEMERAH,11,Bagan,1728
147/17/12,147,PARIT SULONG,17,SEMERAH,12,Kampong Bintang,2025
147/17/13,147,PARIT SULONG,17,SEMERAH,13,Mampan,726
147/17/14,147,PARIT SULONG,17,SEMERAH,14,Simpang Lima,1189
147/17/15,147,PARIT SULONG,17,SEMERAH,15,Sungai Kajang,825
147/17/16,147,PARIT SULONG,17,SEMERAH,16,Peserai,3560
147/17/17,147,PARIT SULONG,17,SEMERAH,17,Shahbandar,1673
147/17/18,147,PARIT SULONG,17,SEMERAH,18,Jalan Jenang,1622
147/17/19,147,PARIT SULONG,17,SEMERAH,19,Pasar,1039
147/17/20,147,PARIT SULONG,17,SEMERAH,20,Jalan Engan,261
147/17/21,147,PARIT SULONG,17,SEMERAH,21,Panchoran Ayer,1035
147/17/22,147,PARIT SULONG,17,SEMERAH,22,Kampong Pantai Barat,1762
147/17/23,147,PARIT SULONG,17,SEMERAH,23,Kampong Pantai Timor,1866
147/17/24,147,PARIT SULONG,17,SEMERAH,24,Kampong Pantai,206
147/17/25,147,PARIT SULONG,17,SEMERAH,25,Parit Maimon,2781
147/17/26,147,PARIT SULONG,17,SEMERAH,26,Parit Puasa,564
147/18/01,147,PARIT SULONG,18,SRI MEDAN,01,Parit Gantong,2148
147/18/02,147,PARIT SULONG,18,SRI MEDAN,02,Parit Jayos,1601
147/18/03,147,PARIT SULONG,18,SRI MEDAN,03,Parit Dayong,1354
147/18/04,147,PARIT SULONG,18,SRI MEDAN,04,Kampong Sri Pasir,2311
147/18/05,147,PARIT SULONG,18,SRI MEDAN,05,Sri Medan Barat,1148
147/18/06,147,PARIT SULONG,18,SRI MEDAN,06,Parit Warijo,754
147/18/07,147,PARIT SULONG,18,SRI MEDAN,07,Parit Karjan,778
147/18/08,147,PARIT SULONG,18,SRI MEDAN,08,Parit Sulong,1317
147/18/09,147,PARIT SULONG,18,SRI MEDAN,09,Bandar Parit Sulong,1775
147/18/10,147,PARIT SULONG,18,SRI MEDAN,10,Sentang Batu,1375
147/18/11,147,PARIT SULONG,18,SRI MEDAN,11,Parit Othman,1832
147/18/12,147,PARIT SULONG,18,SRI MEDAN,12,Parit Haji Siraj,992
147/18/13,147,PARIT SULONG,18,SRI MEDAN,13,Parit Betong,463
147/18/14,147,PARIT SULONG,18,SRI MEDAN,14,Parit Abdul Rahman,1374
147/18/15,147,PARIT SULONG,18,SRI MEDAN,15,Bandar Sri Medan,1456
147/18/16,147,PARIT SULONG,18,SRI MEDAN,16,Sri Medan Timor,1559
147/18/17,147,PARIT SULONG,18,SRI MEDAN,17,Air Putih,837
148/19/01,148,AYER HITAM,19,YONG PENG,01,Sri Sepakat,374
148/19/02,148,AYER HITAM,19,YONG PENG,02,Lam Lee,745
148/19/03,148,AYER HITAM,19,YONG PENG,03,Ladang Chaah,568
148/19/04,148,AYER HITAM,19,YONG PENG,04,Ladang Yong Peng Bhg 'B',821
148/19/05,148,AYER HITAM,19,YONG PENG,05,Kangkar Bahru,2493
148/19/06,148,AYER HITAM,19,YONG PENG,06,Yong Peng Utara,5721
148/19/07,148,AYER HITAM,19,YONG PENG,07,Bandar Yong Peng Utara,1918
148/19/08,148,AYER HITAM,19,YONG PENG,08,Bandar Yong Peng Tengah,1284
148/19/09,148,AYER HITAM,19,YONG PENG,09,Bandar Yong Peng Selatan,1168
148/19/10,148,AYER HITAM,19,YONG PENG,10,Yong Peng Selatan,3354
148/19/11,148,AYER HITAM,19,YONG PENG,11,Ladang Yong Peng,925
148/19/12,148,AYER HITAM,19,YONG PENG,12,Kampong Manong,1576
148/19/13,148,AYER HITAM,19,YONG PENG,13,Taman Jelita,1788
148/20/01,148,AYER HITAM,20,SEMARANG,01,Parit Haji Yusof,1413
148/20/02,148,AYER HITAM,20,SEMARANG,02,Sri Mendapat,910
148/20/03,148,AYER HITAM,20,SEMARANG,03,Kampong Haji Ghaffar,887
148/20/04,148,AYER HITAM,20,SEMARANG,04,Asam Bubok,1173
148/20/05,148,AYER HITAM,20,SEMARANG,05,Sungai Rambot,940
148/20/06,148,AYER HITAM,20,SEMARANG,06,Ayer Hitam Selatan,3296
148/20/07,148,AYER HITAM,20,SEMARANG,07,Ayer Hitam Utara,726
148/20/08,148,AYER HITAM,20,SEMARANG,08,Bandar Ayer Hitam Barat,2208
148/20/09,148,AYER HITAM,20,SEMARANG,09,Bandar Ayer Hitam Timor,1760
148/20/10,148,AYER HITAM,20,SEMARANG,10,Parit Semarang,1803
148/20/11,148,AYER HITAM,20,SEMARANG,11,Parit Quarry,2049
148/20/12,148,AYER HITAM,20,SEMARANG,12,Sabak Uni,1417
148/20/13,148,AYER HITAM,20,SEMARANG,13,Parit Haji Ali,754
148/20/14,148,AYER HITAM,20,SEMARANG,14,Parit Simpang Tengah,891
149/21/01,149,SRI GADING,21,PARIT YAANI,01,Parit Jambi,327
149/21/02,149,SRI GADING,21,PARIT YAANI,02,Parit Selulun,526
149/21/03,149,SRI GADING,21,PARIT YAANI,03,Bukit Rahmat,1466
149/21/04,149,SRI GADING,21,PARIT YAANI,04,Tongkang Pechah,1026
149/21/05,149,SRI GADING,21,PARIT YAANI,05,Bandar Tongkang Pechah,2688
149/21/06,149,SRI GADING,21,PARIT YAANI,06,Parit Buloh,1452
149/21/07,149,SRI GADING,21,PARIT YAANI,07,Pekan Parit Yaani,1318
149/21/08,149,SRI GADING,21,PARIT YAANI,08,Kampong Bahru Parit Yaani,1821
149/21/09,149,SRI GADING,21,PARIT YAANI,09,Kampong Bahru,624
149/21/10,149,SRI GADING,21,PARIT YAANI,10,Parit Yob,1166
149/21/11,149,SRI GADING,21,PARIT YAANI,11,Broleh Utara,2885
149/21/12,149,SRI GADING,21,PARIT YAANI,12,Broleh Tengah,3737
149/21/13,149,SRI GADING,21,PARIT YAANI,13,Bukit Pasir Timor,4274
149/22/01,149,SRI GADING,22,PARIT RAJA,01,Taman Sri Saga,1887
149/22/02,149,SRI GADING,22,PARIT RAJA,02,Broleh Selatan,1251
149/22/03,149,SRI GADING,22,PARIT RAJA,03,Batu Enam,1957
149/22/04,149,SRI GADING,22,PARIT RAJA,04,Sri Gading,1132
149/22/05,149,SRI GADING,22,PARIT RAJA,05,Bandar Sri Gading,1501
149/22/06,149,SRI GADING,22,PARIT RAJA,06,Tanjong Sembrong,243
149/22/07,149,SRI GADING,22,PARIT RAJA,07,Bandar Parit Raja Utara,1238
149/22/08,149,SRI GADING,22,PARIT RAJA,08,Bandar Parit Raja Selatan,1465
149/22/09,149,SRI GADING,22,PARIT RAJA,09,Pintas Puding,2509
149/22/10,149,SRI GADING,22,PARIT RAJA,10,Parit Jelutong,2346
149/22/11,149,SRI GADING,22,PARIT RAJA,11,Pintas Raya,1145
149/22/12,149,SRI GADING,22,PARIT RAJA,12,Sri Gading Estate,449
149/22/13,149,SRI GADING,22,PARIT RAJA,13,Parit Kampong Baru,1194
149/22/14,149,SRI GADING,22,PARIT RAJA,14,Parit Sri Pandan,371
149/22/15,149,SRI GADING,22,PARIT RAJA,15,Parit Lapis Sempadan,1300
149/22/16,149,SRI GADING,22,PARIT RAJA,16,Parit Raja,2153
150/23/01,150,BATU PAHAT,23,PENGGARAM,01,Parit Bilal,4909
150/23/02,150,BATU PAHAT,23,PENGGARAM,02,Linau,1141
150/23/03,150,BATU PAHAT,23,PENGGARAM,03,Bakau Chondong,3077
150/23/04,150,BATU PAHAT,23,PENGGARAM,04,Bukit Pasir,2509
150/23/05,150,BATU PAHAT,23,PENGGARAM,05,Bakau Chondong Barat,4210
150/23/06,150,BATU PAHAT,23,PENGGARAM,06,Kampong Kenangan Dato' Onn,3281
150/23/07,150,BATU PAHAT,23,PENGGARAM,07,Gunong Soga,4286
150/23/08,150,BATU PAHAT,23,PENGGARAM,08,Kampong Merdeka Timor,1064
150/23/09,150,BATU PAHAT,23,PENGGARAM,09,Kampong Merdeka Barat,1165
150/23/10,150,BATU PAHAT,23,PENGGARAM,10,Jalan Zabedah Barat,1485
150/23/11,150,BATU PAHAT,23,PENGGARAM,11,Jalan Abu Bakar,1637
150/23/12,150,BATU PAHAT,23,PENGGARAM,12,Jalan Zabedah Timor,2328
150/23/13,150,BATU PAHAT,23,PENGGARAM,13,Simpang Rantai,1203
150/23/14,150,BATU PAHAT,23,PENGGARAM,14,Bentara Luar,3860
150/23/15,150,BATU PAHAT,23,PENGGARAM,15,Bukit Bendera,2282
150/23/16,150,BATU PAHAT,23,PENGGARAM,16,Taman Soga,4231
150/23/17,150,BATU PAHAT,23,PENGGARAM,17,Kampung Istana,956
150/23/18,150,BATU PAHAT,23,PENGGARAM,18,Taman Murni,2125
150/24/01,150,BATU PAHAT,24,SENGGARANG,01,Parit Sri Menanti,1265
150/24/02,150,BATU PAHAT,24,SENGGARANG,02,Minyak Beku,2719
150/24/03,150,BATU PAHAT,24,SENGGARANG,03,Petani Kechik,1508
150/24/04,150,BATU PAHAT,24,SENGGARANG,04,Banang,2072
150/24/05,150,BATU PAHAT,24,SENGGARANG,05,Sungai Ayam,1411
150/24/06,150,BATU PAHAT,24,SENGGARANG,06,Sungai Suloh,1957
150/24/07,150,BATU PAHAT,24,SENGGARANG,07,Koris,1909
150/24/08,150,BATU PAHAT,24,SENGGARANG,08,Parit Tariman,1065
150/24/09,150,BATU PAHAT,24,SENGGARANG,09,Parit Kadir,1755
150/24/10,150,BATU PAHAT,24,SENGGARANG,10,Parit Kemang,1893
150/24/11,150,BATU PAHAT,24,SENGGARANG,11,Sungai Lurus,1253
150/24/12,150,BATU PAHAT,24,SENGGARANG,12,Bandar Senggarang Barat,838
150/24/13,150,BATU PAHAT,24,SENGGARANG,13,Bandar Senggarang Timor,812
150/24/14,150,BATU PAHAT,24,SENGGARANG,14,Senggarang,653
150/24/15,150,BATU PAHAT,24,SENGGARANG,15,Kampong Bahru,2903
150/24/16,150,BATU PAHAT,24,SENGGARANG,16,Taman Senggarang,2058
150/25/01,150,BATU PAHAT,25,RENGIT,01,Rejo Sari,1634
150/25/02,150,BATU PAHAT,25,RENGIT,02,Perpat,2170
150/25/03,150,BATU PAHAT,25,RENGIT,03,Sri Ladang,2194
150/25/04,150,BATU PAHAT,25,RENGIT,04,Sri Merlong,2145
150/25/05,150,BATU PAHAT,25,RENGIT,05,Belahan Tampok,1153
150/25/06,150,BATU PAHAT,25,RENGIT,06,Sungai Merlong,779
150/25/07,150,BATU PAHAT,25,RENGIT,07,Sungai Kluang,2817
150/25/08,150,BATU PAHAT,25,RENGIT,08,Bandar Rengit Selatan,1106
150/25/09,150,BATU PAHAT,25,RENGIT,09,Bandar Rengit Utara,1432
150/25/10,150,BATU PAHAT,25,RENGIT,10,Rengit,1790
150/25/11,150,BATU PAHAT,25,RENGIT,11,Punggor,2288
151/26/01,151,SIMPANG RENGGAM,26,MACHAP,01,Sri Desa,346
151/26/02,151,SIMPANG RENGGAM,26,MACHAP,02,Rancangan FELDA Ayer Hitam,1528
151/26/03,151,SIMPANG RENGGAM,26,MACHAP,03,Sri Lalang,1122
151/26/04,151,SIMPANG RENGGAM,26,MACHAP,04,Pekan Machap,1099
151/26/05,151,SIMPANG RENGGAM,26,MACHAP,05,Machap,2187
151/26/06,151,SIMPANG RENGGAM,26,MACHAP,06,Kampong Ulu Benut,1614
151/26/07,151,SIMPANG RENGGAM,26,MACHAP,07,Bandar Simpang Renggam Utara,3064
151/26/08,151,SIMPANG RENGGAM,26,MACHAP,08,Bandar Simpang Renggam Timor,2430
151/26/09,151,SIMPANG RENGGAM,26,MACHAP,09,Simpang Renggam,3821
151/26/10,151,SIMPANG RENGGAM,26,MACHAP,10,FELCRA Simpang Renggam,642
151/26/11,151,SIMPANG RENGGAM,26,MACHAP,11,Jalan Benut,1944
151/26/12,151,SIMPANG RENGGAM,26,MACHAP,12,Ladang Nenas,1992
151/27/01,151,SIMPANG RENGGAM,27,LAYANG-LAYANG,01,Ladang Tun Dr Ismail,239
151/27/02,151,SIMPANG RENGGAM,27,LAYANG-LAYANG,02,Kampong Chokro,2397
151/27/03,151,SIMPANG RENGGAM,27,LAYANG-LAYANG,03,Kampong Sahari,2176
151/27/04,151,SIMPANG RENGGAM,27,LAYANG-LAYANG,04,Senda,864
151/27/05,151,SIMPANG RENGGAM,27,LAYANG-LAYANG,05,Bandar Renggam,2956
151/27/06,151,SIMPANG RENGGAM,27,LAYANG-LAYANG,06,Kebun Bahru,759
151/27/07,151,SIMPANG RENGGAM,27,LAYANG-LAYANG,07,Sembrong,176
151/27/08,151,SIMPANG RENGGAM,27,LAYANG-LAYANG,08,Chemara,1491
151/27/09,151,SIMPANG RENGGAM,27,LAYANG-LAYANG,09,Layang - Layang,1085
151/27/10,151,SIMPANG RENGGAM,27,LAYANG-LAYANG,10,Bandar Layang - Layang Selatan,3159
151/27/11,151,SIMPANG RENGGAM,27,LAYANG-LAYANG,11,Bandar Layang - Layang Utara,1815
151/27/12,151,SIMPANG RENGGAM,27,LAYANG-LAYANG,12,Renggam,777
151/27/13,151,SIMPANG RENGGAM,27,LAYANG-LAYANG,13,Ladang Southern Malay,159
151/27/14,151,SIMPANG RENGGAM,27,LAYANG-LAYANG,14,FELDA Layang - Layang,684
151/27/13,151,SIMPANG RENGGAM,27,LAYANG-LAYANG,13,Ladang Bukit Benut,526
152/28/01,152,KLUANG,28,MENGKIBOL,01,Ladang Coronation,3176
152/28/02,152,KLUANG,28,MENGKIBOL,02,Pekan Sri Lalang Barat,1563
152/28/03,152,KLUANG,28,MENGKIBOL,03,Pekan Sri Lalang Timor,1500
152/28/04,152,KLUANG,28,MENGKIBOL,04,Ladang Mengkibol,3870
152/28/05,152,KLUANG,28,MENGKIBOL,05,Mengkibol Barat,4945
152/28/06,152,KLUANG,28,MENGKIBOL,06,Mengkibol Timor,4134
152/28/07,152,KLUANG,28,MENGKIBOL,07,Taman Kurnia,1346
152/28/08,152,KLUANG,28,MENGKIBOL,08,Bakar Sampah,1989
152/28/09,152,KLUANG,28,MENGKIBOL,09,Lambak,1197
152/28/10,152,KLUANG,28,MENGKIBOL,10,Yap Tau Sah,3632
152/28/11,152,KLUANG,28,MENGKIBOL,11,Yap Tau Sah Timor,1272
152/28/12,152,KLUANG,28,MENGKIBOL,12,Jalan Mersing,2659
152/28/13,152,KLUANG,28,MENGKIBOL,13,Jalan Johor Tenggara,3604
152/28/14,152,KLUANG,28,MENGKIBOL,14,Kluang Layang,530
152/28/15,152,KLUANG,28,MENGKIBOL,15,Ladang Lambak,748
152/28/16,152,KLUANG,28,MENGKIBOL,16,Ladang Elaeis,182
152/28/17,152,KLUANG,28,MENGKIBOL,17,Kampung Gunung Lambak,1742
152/28/18,152,KLUANG,28,MENGKIBOL,18,Taman Megah,2128
152/28/19,152,KLUANG,28,MENGKIBOL,19,Kampong Paya Timor,1286
152/28/20,152,KLUANG,28,MENGKIBOL,20,Kampong Paya Barat,1451
152/28/21,152,KLUANG,28,MENGKIBOL,21,Kampong Melayu Timor,1552
152/29/01,152,KLUANG,29,MAHKOTA,01,Padang Tembak,1658
152/29/02,152,KLUANG,29,MAHKOTA,02,Kampong Melayu Timor II,3928
152/29/03,152,KLUANG,29,MAHKOTA,03,Kampung Tengah,1568
152/29/04,152,KLUANG,29,MAHKOTA,04,Kampong Melayu I,2642
152/29/05,152,KLUANG,29,MAHKOTA,05,Kampong Melayu II,942
152/29/06,152,KLUANG,29,MAHKOTA,06,Taman Lian Seng,2923
152/29/07,152,KLUANG,29,MAHKOTA,07,Haji Manan,1055
152/29/08,152,KLUANG,29,MAHKOTA,08,Mesjid Lama,1067
152/29/09,152,KLUANG,29,MAHKOTA,09,Bandar Tengah,2959
152/29/10,152,KLUANG,29,MAHKOTA,10,Taman Ilham,2198
152/29/11,152,KLUANG,29,MAHKOTA,11,Dorset,9307
152/29/12,152,KLUANG,29,MAHKOTA,12,Taman Berlian,672
152/29/13,152,KLUANG,29,MAHKOTA,13,Jalan Hospital,987
152/29/14,152,KLUANG,29,MAHKOTA,14,Taman Kerjasama,1528
152/29/15,152,KLUANG,29,MAHKOTA,15,Kampung Baru,2242
152/29/16,152,KLUANG,29,MAHKOTA,16,Taman Suria,2739
152/29/17,152,KLUANG,29,MAHKOTA,17,Indah Jaya,3009
152/29/18,152,KLUANG,29,MAHKOTA,18,Sri Tengah,2282
153/30/01,153,SEMBRONG,30,PALOH,01,Klebang,591
153/30/02,153,SEMBRONG,30,PALOH,02,Kampong Melayu Paloh,1080
153/30/03,153,SEMBRONG,30,PALOH,03,Ladang Paloh,537
153/30/04,153,SEMBRONG,30,PALOH,04,Paloh,2000
153/30/05,153,SEMBRONG,30,PALOH,05,Bandar Paloh Utara,2224
153/30/06,153,SEMBRONG,30,PALOH,06,Bandar Paloh Selatan,1031
153/30/07,153,SEMBRONG,30,PALOH,07,Kampong Muhibbah,1533
153/30/08,153,SEMBRONG,30,PALOH,08,Kali Malaya,216
153/30/09,153,SEMBRONG,30,PALOH,09,Bukit Paloh,369
153/30/10,153,SEMBRONG,30,PALOH,10,Ladang Landak,381
153/30/11,153,SEMBRONG,30,PALOH,11,Ladang Kekayaan,374
153/30/12,153,SEMBRONG,30,PALOH,12,Chamek,1999
153/30/13,153,SEMBRONG,30,PALOH,13,Consolidated Eastern Plantations,1191
153/30/14,153,SEMBRONG,30,PALOH,14,Tereh Selatan,383
153/30/15,153,SEMBRONG,30,PALOH,15,Pengkalan Tereh,271
153/30/16,153,SEMBRONG,30,PALOH,16,Ladang Pamol,923
153/30/17,153,SEMBRONG,30,PALOH,17,Pekan Kampong Gajah,1258
153/30/18,153,SEMBRONG,30,PALOH,18,Kampong Gajah,1729
153/30/19,153,SEMBRONG,30,PALOH,19,FELDA Kahang Barat,2454
153/N3/01,153,SEMBRONG,03,1 KAHANG,01,Kangkar Kahang Timor,2195
153/N3/02,153,SEMBRONG,03,1 KAHANG,02,Kangkar Kahang Barat,1748
153/N3/03,153,SEMBRONG,03,1 KAHANG,03,Kahang,2866
153/N3/04,153,SEMBRONG,03,1 KAHANG,04,FELDA Kahang Timor,2868
153/N3/05,153,SEMBRONG,03,1 KAHANG,05,FELDA Ulu Dengar,1635
153/N3/06,153,SEMBRONG,03,1 KAHANG,06,Sri Lambak,3591
153/N3/07,153,SEMBRONG,03,1 KAHANG,07,Sungai Sayong,599
153/N3/08,153,SEMBRONG,03,1 KAHANG,08,FELDA Bukit Tongkat,1320
153/N3/09,153,SEMBRONG,03,1 KAHANG,09,FELDA Ulu Belitong,2455
153/N3/10,153,SEMBRONG,03,1 KAHANG,10,FELDA Ulu Pengeli,1808
154/32/01,154,MERSING,32,ENDAU,01,Padang Endau,1707
154/32/02,154,MERSING,32,ENDAU,02,Bandar Endau Utara,1798
154/32/03,154,MERSING,32,ENDAU,03,Bandar Endau Selatan,1306
154/32/04,154,MERSING,32,ENDAU,04,Kampung Hubong,1035
154/32/05,154,MERSING,32,ENDAU,05,Kampung Hubong Barat,632
154/32/06,154,MERSING,32,ENDAU,06,Rancangan FELDA Endau,788
154/32/07,154,MERSING,32,ENDAU,07,Triang,967
154/32/08,154,MERSING,32,ENDAU,08,Penyabong,504
154/32/09,154,MERSING,32,ENDAU,09,Tanjong Resang,203
154/32/10,154,MERSING,32,ENDAU,10,Ayer Papan,339
154/32/11,154,MERSING,32,ENDAU,11,Tanjong Genting,540
154/32/12,154,MERSING,32,ENDAU,12,Mersing Kanan,1162
154/32/13,154,MERSING,32,ENDAU,13,Jalan Endau,2750
154/32/14,154,MERSING,32,ENDAU,14,Jalan Abdullah,543
154/32/15,154,MERSING,32,ENDAU,15,Kampong Tengah,756
154/32/16,154,MERSING,32,ENDAU,16,Sawah Dato',1429
154/32/17,154,MERSING,32,ENDAU,17,Tenglu,856
154/32/18,154,MERSING,32,ENDAU,18,Tanah Abang,324
154/32/19,154,MERSING,32,ENDAU,19,Kampong Punan,124
154/32/20,154,MERSING,32,ENDAU,20,Kampong Peta,119
154/33/01,154,MERSING,33,TENGGAROH,01,Bandar Utara,500
154/33/02,154,MERSING,33,TENGGAROH,02,Jalan Jamaluang,793
154/33/03,154,MERSING,33,TENGGAROH,03,FELDA Nitar 2,2081
154/33/02,154,MERSING,33,TENGGAROH,02,FELDA Nitar 1,1886
154/33/05,154,MERSING,33,TENGGAROH,05,Pengkalan Batu,1691
154/33/06,154,MERSING,33,TENGGAROH,06,Jalan Ismail,355
154/33/07,154,MERSING,33,TENGGAROH,07,Pejabat Kerajaan,702
154/33/08,154,MERSING,33,TENGGAROH,08,Pekan Mersing Kechil,2771
154/33/09,154,MERSING,33,TENGGAROH,09,Sri Pantai,4352
154/33/10,154,MERSING,33,TENGGAROH,10,Bandar Jamaluang Timor,840
154/33/11,154,MERSING,33,TENGGAROH,11,Jamaluang Timor,377
154/33/12,154,MERSING,33,TENGGAROH,12,Jamaluang,1024
154/33/13,154,MERSING,33,TENGGAROH,13,RISDA Sungai Ambat,244
154/33/14,154,MERSING,33,TENGGAROH,14,FELDA Tenggaroh 5,2238
154/33/15,154,MERSING,33,TENGGAROH,15,FELDA Tenggaroh 3,815
154/33/16,154,MERSING,33,TENGGAROH,16,FELDA Tenggaroh 6,1206
154/33/17,154,MERSING,33,TENGGAROH,17,FELDA Tenggaroh 4,428
154/33/18,154,MERSING,33,TENGGAROH,18,FELDA Tenggaroh 2,2580
154/33/19,154,MERSING,33,TENGGAROH,19,FELDA Tenggaroh 1,1695
154/33/20,154,MERSING,33,TENGGAROH,20,Pulau Sibu,118
154/33/21,154,MERSING,33,TENGGAROH,21,Pulau Tinggi,131
154/33/22,154,MERSING,33,TENGGAROH,22,Pulau Besar,39
154/33/23,154,MERSING,33,TENGGAROH,23,Pulau Aur,163
154/33/24,154,MERSING,33,TENGGAROH,24,Pulau Pemanggil,74
155/34/01,155,TENGGARA,34,PANTI,01,Bandar Tenggara Utara,2999
155/34/02,155,TENGGARA,34,PANTI,02,FELDA Pengeli Timor,2557
155/34/03,155,TENGGARA,34,PANTI,03,Sungai Sibol,2134
155/34/04,155,TENGGARA,34,PANTI,04,Linggiu,2327
155/34/05,155,TENGGARA,34,PANTI,05,Ulu Sungai Johor,1112
155/34/06,155,TENGGARA,34,PANTI,06,Pelepah Valley,655
155/34/07,155,TENGGARA,34,PANTI,07,Bukit Lintang,992
155/34/08,155,TENGGARA,34,PANTI,08,Kampong Lukut,759
155/34/09,155,TENGGARA,34,PANTI,09,Kota Tinggi Utara,883
155/34/10,155,TENGGARA,34,PANTI,10,Bandar Tenggara Selatan,1577
155/34/11,155,TENGGARA,34,PANTI,11,Kota Jaya Utara,2603
155/34/12,155,TENGGARA,34,PANTI,12,Kota Jaya Selatan,2987
155/34/13,155,TENGGARA,34,PANTI,13,Kampong Kelantan,1735
155/35/01,155,TENGGARA,35,PASIR RAJA,01,FELDA Sungai Sayong,1973
155/35/02,155,TENGGARA,35,PASIR RAJA,02,FELDA Bukit Besar,2210
155/35/03,155,TENGGARA,35,PASIR RAJA,03,FELDA Pasir Raja,1648
155/35/04,155,TENGGARA,35,PASIR RAJA,04,FELDA Bukit Ramun,1433
155/35/05,155,TENGGARA,35,PASIR RAJA,05,Sungai Telor,556
155/35/06,155,TENGGARA,35,PASIR RAJA,06,Sungai Johor,629
155/35/07,155,TENGGARA,35,PASIR RAJA,07,Sungai Kemang Selatan,821
155/35/08,155,TENGGARA,35,PASIR RAJA,08,Jalan Besar,81
155/35/09,155,TENGGARA,35,PASIR RAJA,09,Jalan Johor,2473
155/35/10,155,TENGGARA,35,PASIR RAJA,10,Kota Tinggi Selatan,1317
155/35/11,155,TENGGARA,35,PASIR RAJA,11,Ladang R E M,337
155/35/12,155,TENGGARA,35,PASIR RAJA,12,Jalan Kota Tinggi,3543
155/35/13,155,TENGGARA,35,PASIR RAJA,13,Kampung Baru Sungai Redan,329
156/36/01,156,KOTA TINGGI,36,SEDILI,01,Sungai Ara,1013
156/36/02,156,KOTA TINGGI,36,SEDILI,02,Tunjuk Laut,477
156/36/03,156,KOTA TINGGI,36,SEDILI,03,Tenggaroh Selatan,388
156/36/04,156,KOTA TINGGI,36,SEDILI,04,Sedili Pantai,1471
156/36/05,156,KOTA TINGGI,36,SEDILI,05,Sedili Besar,1281
156/36/06,156,KOTA TINGGI,36,SEDILI,06,Sedili Tengah,773
156/36/07,156,KOTA TINGGI,36,SEDILI,07,Sedili Darat,874
156/36/08,156,KOTA TINGGI,36,SEDILI,08,Mawai,1769
156/36/09,156,KOTA TINGGI,36,SEDILI,09,Aping Barat,1948
156/36/10,156,KOTA TINGGI,36,SEDILI,10,Aping Timor,2612
156/36/11,156,KOTA TINGGI,36,SEDILI,11,Sedili Kechil,805
156/36/12,156,KOTA TINGGI,36,SEDILI,12,Bukit Easter,1644
156/36/13,156,KOTA TINGGI,36,SEDILI,13,Wah Hah I,2835
156/36/14,156,KOTA TINGGI,36,SEDILI,14,Wah Hah II,1502
156/37/01,156,KOTA TINGGI,37,JOHOR LAMA,01,Lok Heng Barat,2182
156/37/02,156,KOTA TINGGI,37,JOHOR LAMA,02,Lok Heng Timur,1978
156/37/03,156,KOTA TINGGI,37,JOHOR LAMA,03,Lok Heng Selatan,1713
156/37/04,156,KOTA TINGGI,37,JOHOR LAMA,04,Kota Kechil Timor,1726
156/37/05,156,KOTA TINGGI,37,JOHOR LAMA,05,Kota Kechil Barat,1022
156/37/06,156,KOTA TINGGI,37,JOHOR LAMA,06,Bukit Kerajaan,1111
156/37/07,156,KOTA TINGGI,37,JOHOR LAMA,07,Jalan Mawai,1895
156/37/08,156,KOTA TINGGI,37,JOHOR LAMA,08,Tembioh,596
156/37/09,156,KOTA TINGGI,37,JOHOR LAMA,09,Kampong Makam,1328
156/37/10,156,KOTA TINGGI,37,JOHOR LAMA,10,FELDA Pasak,1759
156/37/11,156,KOTA TINGGI,37,JOHOR LAMA,11,Air Tawar 3,2641
156/37/12,156,KOTA TINGGI,37,JOHOR LAMA,12,Air Tawar 2,3980
156/37/13,156,KOTA TINGGI,37,JOHOR LAMA,13,Panchor,371
156/37/14,156,KOTA TINGGI,37,JOHOR LAMA,14,Johor Lama,204
156/37/15,156,KOTA TINGGI,37,JOHOR LAMA,15,Pekan Telok Sengat,700
156/37/16,156,KOTA TINGGI,37,JOHOR LAMA,16,Telok Sengat,263
157/38/01,157,PENGERANG,38,PENAWAR,01,Air Tawar 1,3068
157/38/02,157,PENGERANG,38,PENAWAR,02,Air Tawar 4,2380
157/38/03,157,PENGERANG,38,PENAWAR,03,Papan Timor,2022
157/38/04,157,PENGERANG,38,PENAWAR,04,Penawar,2072
157/38/05,157,PENGERANG,38,PENAWAR,05,Sungai Mas,3219
157/38/06,157,PENGERANG,38,PENAWAR,06,Bandar Mas,979
157/38/07,157,PENGERANG,38,PENAWAR,07,Air Tawar 5,2899
157/38/08,157,PENGERANG,38,PENAWAR,08,Semenchu,2982
157/38/09,157,PENGERANG,38,PENAWAR,09,Sungai Layau,354
157/38/10,157,PENGERANG,38,PENAWAR,10,Tanjong Buai,146
157/39/01,157,PENGERANG,39,TANJUNG SURAT,01,Tanjong Surat,322
157/39/02,157,PENGERANG,39,TANJUNG SURAT,02,Tanjong Serindit,452
157/39/03,157,PENGERANG,39,TANJUNG SURAT,03,Adela,2035
157/39/04,157,PENGERANG,39,TANJUNG SURAT,04,Bukit Tunggal,2435
157/39/05,157,PENGERANG,39,TANJUNG SURAT,05,Sening,2399
157/39/06,157,PENGERANG,39,TANJUNG SURAT,06,Bukit Keledang,1633
157/39/07,157,PENGERANG,39,TANJUNG SURAT,07,Ladang Santi,156
157/39/08,157,PENGERANG,39,TANJUNG SURAT,08,Kampong Pasir Gogok,387
157/39/09,157,PENGERANG,39,TANJUNG SURAT,09,Pengerang,1725
157/39/10,157,PENGERANG,39,TANJUNG SURAT,10,Kampong Jawa,813
157/39/11,157,PENGERANG,39,TANJUNG SURAT,11,Kampong Sungai Kapal,1732
157/39/12,157,PENGERANG,39,TANJUNG SURAT,12,Lepau,140
157/39/13,157,PENGERANG,39,TANJUNG SURAT,13,Sungai Rengit,739
157/39/14,157,PENGERANG,39,TANJUNG SURAT,14,Pekan Sungai Rengit,1590
157/39/15,157,PENGERANG,39,TANJUNG SURAT,15,Telok Ramunia,1659
158/40/01,158,TEBRAU,40,TIRAM,01,Ulu Tiram Barat,2822
158/40/02,158,TEBRAU,40,TIRAM,02,Bandar Ulu Tiram Barat,2424
158/40/03,158,TEBRAU,40,TIRAM,03,Bandar Ulu Tiram Tengah,691
158/40/04,158,TEBRAU,40,TIRAM,04,Bandar Ulu Tiram Utara,1507
158/40/05,158,TEBRAU,40,TIRAM,05,Bandar Ulu Tiram Selatan,3584
158/40/06,158,TEBRAU,40,TIRAM,06,Ara Cemerlang,1594
158/40/07,158,TEBRAU,40,TIRAM,07,Ulu Tiram Timor,3020
158/40/08,158,TEBRAU,40,TIRAM,08,Nam Heng,690
158/40/09,158,TEBRAU,40,TIRAM,09,Sungai Tiram,3032
158/40/10,158,TEBRAU,40,TIRAM,10,Kong Kong,1028
158/40/11,158,TEBRAU,40,TIRAM,11,Kampung Cahaya Baru,2622
158/40/12,158,TEBRAU,40,TIRAM,12,Kota Masai,2802
158/40/13,158,TEBRAU,40,TIRAM,13,Kota Delima,3993
158/40/14,158,TEBRAU,40,TIRAM,14,Tanjong Langsat,481
158/40/15,158,TEBRAU,40,TIRAM,15,Tanjong Kopok,450
158/40/16,158,TEBRAU,40,TIRAM,16,Pasir Puteh,3217
158/40/17,158,TEBRAU,40,TIRAM,17,Taman Pasir Puteh,3417
158/40/18,158,TEBRAU,40,TIRAM,18,Desa Jaya,2927
158/40/19,158,TEBRAU,40,TIRAM,19,Cahaya Masai,1725
158/40/20,158,TEBRAU,40,TIRAM,20,Lembah Ehsan,2577
158/40/21,158,TEBRAU,40,TIRAM,21,Lanjut Cemerlang,1602
158/40/22,158,TEBRAU,40,TIRAM,22,Cemerlang Tropika,1912
158/40/23,158,TEBRAU,40,TIRAM,23,Kampung Sentosa,1043
158/40/24,158,TEBRAU,40,TIRAM,24,Kota Pulasan,1479
158/41/01,158,TEBRAU,41,PUTERI WANGSA,01,FELDA Ulu Tebrau,3691
158/41/02,158,TEBRAU,41,PUTERI WANGSA,02,Maju Jaya,2407
158/41/03,158,TEBRAU,41,PUTERI WANGSA,03,Nipah Delima,1541
158/41/04,158,TEBRAU,41,PUTERI WANGSA,04,Puteri Wangsa 1,3653
158/41/05,158,TEBRAU,41,PUTERI WANGSA,05,Mount Austin,3088
158/41/06,158,TEBRAU,41,PUTERI WANGSA,06,Bertam Delima,1554
158/41/07,158,TEBRAU,41,PUTERI WANGSA,07,Pekan Pandan,2954
158/41/08,158,TEBRAU,41,PUTERI WANGSA,08,Kangkar Tebrau Baru,1615
158/41/09,158,TEBRAU,41,PUTERI WANGSA,09,Kangkar Tebrau,1385
158/41/10,158,TEBRAU,41,PUTERI WANGSA,10,Ladang Tebrau,1345
158/41/11,158,TEBRAU,41,PUTERI WANGSA,11,Taman Gembira,1607
158/41/12,158,TEBRAU,41,PUTERI WANGSA,12,Bukit Jaya,2967
158/41/13,158,TEBRAU,41,PUTERI WANGSA,13,Rumbia Daya,3004
158/41/14,158,TEBRAU,41,PUTERI WANGSA,14,Nibong Daya,1894
158/41/15,158,TEBRAU,41,PUTERI WANGSA,15,Puteri Wangsa 2,2409
158/41/16,158,TEBRAU,41,PUTERI WANGSA,16,Pelangi Gaya,3033
158/41/17,158,TEBRAU,41,PUTERI WANGSA,17,Pinang Sagu,2657
158/41/18,158,TEBRAU,41,PUTERI WANGSA,18,Setia Enau,4236
158/41/19,158,TEBRAU,41,PUTERI WANGSA,19,Bukit Mutiara,1742
158/41/20,158,TEBRAU,41,PUTERI WANGSA,20,Desa Tebrau,2171
159/42/01,159,PASIR GUDANG,42,JOHOR JAYA,01,Sri Amar,1807
159/42/02,159,PASIR GUDANG,42,JOHOR JAYA,02,Belantik,2389
159/42/03,159,PASIR GUDANG,42,JOHOR JAYA,03,Pandan,3949
159/42/04,159,PASIR GUDANG,42,JOHOR JAYA,04,Taman Molek,3088
159/42/05,159,PASIR GUDANG,42,JOHOR JAYA,05,Johor Jaya Barat,3637
159/42/06,159,PASIR GUDANG,42,JOHOR JAYA,06,Johor Jaya Selatan,2232
159/42/07,159,PASIR GUDANG,42,JOHOR JAYA,07,Johor Jaya Timor,3348
159/42/08,159,PASIR GUDANG,42,JOHOR JAYA,08,Johor Jaya Tengah,2505
159/42/09,159,PASIR GUDANG,42,JOHOR JAYA,09,Johor Jaya Utara,3656
159/42/10,159,PASIR GUDANG,42,JOHOR JAYA,10,Bandar Plentong Utara,520
159/42/11,159,PASIR GUDANG,42,JOHOR JAYA,11,Bandar Plentong Selatan,4491
159/42/12,159,PASIR GUDANG,42,JOHOR JAYA,12,Taman Saujana,2665
159/42/13,159,PASIR GUDANG,42,JOHOR JAYA,13,Plentong,1223
159/42/14,159,PASIR GUDANG,42,JOHOR JAYA,14,Masai,4116
159/42/15,159,PASIR GUDANG,42,JOHOR JAYA,15,Teratai,2205
159/42/16,159,PASIR GUDANG,42,JOHOR JAYA,16,Keembong,4139
159/42/17,159,PASIR GUDANG,42,JOHOR JAYA,17,Seri Alam,2363
159/42/18,159,PASIR GUDANG,42,JOHOR JAYA,18,Molek Harmoni,3369
159/42/19,159,PASIR GUDANG,42,JOHOR JAYA,19,Tasek Seri Alam,3092
159/42/20,159,PASIR GUDANG,42,JOHOR JAYA,20,Bandar Masai Utara,1333
159/42/21,159,PASIR GUDANG,42,JOHOR JAYA,21,Bandar Masai Tengah,1133
159/42/22,159,PASIR GUDANG,42,JOHOR JAYA,22,Bandar Masai Selatan,1781
159/43/01,159,PASIR GUDANG,43,PERMAS,01,Permas,3007
159/43/02,159,PASIR GUDANG,43,PERMAS,02,Permas Jaya,2920
159/43/03,159,PASIR GUDANG,43,PERMAS,03,Senibong,2221
159/43/04,159,PASIR GUDANG,43,PERMAS,04,Taman Kota Puteri,3176
159/43/05,159,PASIR GUDANG,43,PERMAS,05,Kampong Telok Jawa,1058
159/43/06,159,PASIR GUDANG,43,PERMAS,06,Rinting Cendana,2914
159/43/07,159,PASIR GUDANG,43,PERMAS,07,Taman Mawar,3360
159/43/08,159,PASIR GUDANG,43,PERMAS,08,Pasir Gudang,3730
159/43/09,159,PASIR GUDANG,43,PERMAS,09,Pelabuhan Pasir Gudang,1263
159/43/10,159,PASIR GUDANG,43,PERMAS,10,Taman Air Biru,2345
159/43/11,159,PASIR GUDANG,43,PERMAS,11,Rumah Pangsa PKENJ,4519
159/43/12,159,PASIR GUDANG,43,PERMAS,12,Permas 2,2759
159/43/13,159,PASIR GUDANG,43,PERMAS,13,Taman Megah Ria,2919
159/43/14,159,PASIR GUDANG,43,PERMAS,14,Rinting Meranti,2115
159/43/15,159,PASIR GUDANG,43,PERMAS,15,Rinting Balau,2460
159/43/16,159,PASIR GUDANG,43,PERMAS,16,Nusa Scientex,3607
159/43/17,159,PASIR GUDANG,43,PERMAS,17,Taman Bukit Dahlia,1033
159/43/18,159,PASIR GUDANG,43,PERMAS,18,Bandar Baru Permas Jaya,2017
159/43/19,159,PASIR GUDANG,43,PERMAS,19,Kampong Plentong Baru,1692
160/44/01,160,JOHOR BAHRU,44,LARKIN,01,Bandar Baru Uda,2730
160/44/02,160,JOHOR BAHRU,44,LARKIN,02,Uda Malinja,2833
160/44/03,160,JOHOR BAHRU,44,LARKIN,03,Jalan Datin Halimah,1656
160/44/04,160,JOHOR BAHRU,44,LARKIN,04,Kampong Ungku Mohsin,2805
160/44/05,160,JOHOR BAHRU,44,LARKIN,05,Kampong Melayu Majedee I,3118
160/44/06,160,JOHOR BAHRU,44,LARKIN,06,Kampong Melayu Majedee II,1859
160/44/07,160,JOHOR BAHRU,44,LARKIN,07,Stulang Baru,3595
160/44/08,160,JOHOR BAHRU,44,LARKIN,08,Sepakat,2842
160/44/09,160,JOHOR BAHRU,44,LARKIN,09,Taman Baru,1984
160/44/10,160,JOHOR BAHRU,44,LARKIN,10,Rumah Pangsa Larkin,3671
160/44/11,160,JOHOR BAHRU,44,LARKIN,11,Larkin Jaya,1651
160/44/12,160,JOHOR BAHRU,44,LARKIN,12,Larkin,2985
160/44/13,160,JOHOR BAHRU,44,LARKIN,13,Taman Majedee,2812
160/44/14,160,JOHOR BAHRU,44,LARKIN,14,Taman Kebun Teh,3545
160/44/15,160,JOHOR BAHRU,44,LARKIN,15,Taman Melodies,2208
160/44/16,160,JOHOR BAHRU,44,LARKIN,16,Taman Abad,2072
160/44/17,160,JOHOR BAHRU,44,LARKIN,17,Abad Jaya 1,1754
160/44/18,160,JOHOR BAHRU,44,LARKIN,18,Taman Skudai Kanan,1846
160/44/19,160,JOHOR BAHRU,44,LARKIN,19,Kampong Larkin Jaya,1840
160/44/20,160,JOHOR BAHRU,44,LARKIN,20,Abad Jaya 2,1803
160/44/21,160,JOHOR BAHRU,44,LARKIN,21,Uda Mahsuri,2206
160/44/22,160,JOHOR BAHRU,44,LARKIN,22,Ulu Ayer Molek,451
160/44/23,160,JOHOR BAHRU,44,LARKIN,23,Kebun Teh,1059
160/45/01,160,JOHOR BAHRU,45,STULANG,01,Majedee Bahru,1460
160/45/02,160,JOHOR BAHRU,45,STULANG,02,Sulaiman Menteri,3002
160/45/03,160,JOHOR BAHRU,45,STULANG,03,Setanggi,2380
160/45/04,160,JOHOR BAHRU,45,STULANG,04,Sentosa,4891
160/45/05,160,JOHOR BAHRU,45,STULANG,05,Sri Tebrau (1),3342
160/45/06,160,JOHOR BAHRU,45,STULANG,06,Bakar Batu,4180
160/45/07,160,JOHOR BAHRU,45,STULANG,07,Pelangi,2241
160/45/08,160,JOHOR BAHRU,45,STULANG,08,Taman Maju Jaya,3296
160/45/09,160,JOHOR BAHRU,45,STULANG,09,Kampong Wadi Hana,2114
160/45/10,160,JOHOR BAHRU,45,STULANG,10,Bukit Senyum,2653
160/45/11,160,JOHOR BAHRU,45,STULANG,11,Sri Pelangi,3560
160/45/12,160,JOHOR BAHRU,45,STULANG,12,Stulang,3164
160/45/13,160,JOHOR BAHRU,45,STULANG,13,Taman Sri Setia,1011
160/45/14,160,JOHOR BAHRU,45,STULANG,14,Sri Tebrau (2),1203
160/45/15,160,JOHOR BAHRU,45,STULANG,15,Lumba Kuda,2782
160/45/16,160,JOHOR BAHRU,45,STULANG,16,Bukit Chagar,2203
160/45/17,160,JOHOR BAHRU,45,STULANG,17,Desa Majidi,1544
161/46/01,161,PULAI,46,PERLING,01,Belibis Perling,3074
161/46/02,161,PULAI,46,PERLING,02,Sri Jaya,2689
161/46/03,161,PULAI,46,PERLING,03,Kampong Pasir,3260
161/46/04,161,PULAI,46,PERLING,04,Pengkalan Rinting,1679
161/46/05,161,PULAI,46,PERLING,05,Skudai Kiri,2566
161/46/06,161,PULAI,46,PERLING,06,Sungai Danga,1036
161/46/07,161,PULAI,46,PERLING,07,Taman Sutera,1808
161/46/08,161,PULAI,46,PERLING,08,Bukit Serene,1536
161/46/09,161,PULAI,46,PERLING,09,Tarom,1112
161/46/10,161,PULAI,46,PERLING,10,Nong Chik,1625
161/46/11,161,PULAI,46,PERLING,11,Tambatan,2050
161/46/12,161,PULAI,46,PERLING,12,Gertak Merah,1751
161/46/13,161,PULAI,46,PERLING,13,Kampong Bahru,788
161/46/14,161,PULAI,46,PERLING,14,Yahya Awal,1691
161/46/15,161,PULAI,46,PERLING,15,Ngee Heng,1332
161/46/16,161,PULAI,46,PERLING,16,Ayer Molek,1088
161/46/17,161,PULAI,46,PERLING,17,Kampong Pahang,774
161/46/18,161,PULAI,46,PERLING,18,Bandar,1843
161/46/19,161,PULAI,46,PERLING,19,Camar Perling,2966
161/46/20,161,PULAI,46,PERLING,20,Pekaka Perling,2374
161/46/21,161,PULAI,46,PERLING,21,Rawa Perling,2943
161/46/22,161,PULAI,46,PERLING,22,Bukit Indah,5857
161/46/23,161,PULAI,46,PERLING,23,Nusa Indah,3532
161/46/24,161,PULAI,46,PERLING,24,Tampoi Indah,2248
161/46/25,161,PULAI,46,PERLING,25,Simbang Perling,2371
161/46/26,161,PULAI,46,PERLING,26,Uda Bestari,1817
161/47/01,161,PULAI,47,KEMPAS,01,Kempas,2500
161/47/02,161,PULAI,47,KEMPAS,02,Permatang,1293
161/47/03,161,PULAI,47,KEMPAS,03,Lembah Kempas,2924
161/47/04,161,PULAI,47,KEMPAS,04,Jalan Tampoi,1912
161/47/05,161,PULAI,47,KEMPAS,05,Denai,3797
161/47/06,161,PULAI,47,KEMPAS,06,Taman Siantan,2831
161/47/07,161,PULAI,47,KEMPAS,07,Taman Johor,3854
161/47/08,161,PULAI,47,KEMPAS,08,Taman Cempaka,3997
161/47/09,161,PULAI,47,KEMPAS,09,Taman Dahlia,2706
161/47/10,161,PULAI,47,KEMPAS,10,Taman Kobena,1357
161/47/11,161,PULAI,47,KEMPAS,11,Desa Rahmat,2378
161/47/12,161,PULAI,47,KEMPAS,12,Pekan Tampoi,3092
161/47/13,161,PULAI,47,KEMPAS,13,Bukit Mewah,3873
161/47/14,161,PULAI,47,KEMPAS,14,Bukit Kempas,3656
162/48/01,162,GELANG PATAH,48,SKUDAI,01,Jaya Mas,2478
162/48/02,162,GELANG PATAH,48,SKUDAI,02,Selesa Jaya,2935
162/48/03,162,GELANG PATAH,48,SKUDAI,03,Sri Sinding,1391
162/48/04,162,GELANG PATAH,48,SKUDAI,04,Impian Emas,1676
162/48/05,162,GELANG PATAH,48,SKUDAI,05,Sri Skudai,4489
162/48/06,162,GELANG PATAH,48,SKUDAI,06,Bandar Skudai Barat,1686
162/48/07,162,GELANG PATAH,48,SKUDAI,07,Bandar Skudai Tengah,2189
162/48/08,162,GELANG PATAH,48,SKUDAI,08,Bandar Skudai Timor,228
162/48/09,162,GELANG PATAH,48,SKUDAI,09,Hang Tuah,5453
162/48/10,162,GELANG PATAH,48,SKUDAI,10,Laksamana TUTA,3514
162/48/11,162,GELANG PATAH,48,SKUDAI,11,Nakhoda TUTA,4852
162/48/12,162,GELANG PATAH,48,SKUDAI,12,Flat Perkasa 'A' TUTA,3145
162/48/13,162,GELANG PATAH,48,SKUDAI,13,Taman Damai Jaya,5042
162/48/14,162,GELANG PATAH,48,SKUDAI,14,Desa Skudai,4344
162/48/15,162,GELANG PATAH,48,SKUDAI,15,Hang Jebat,6289
162/48/16,162,GELANG PATAH,48,SKUDAI,16,Perwira TUTA,3364
162/48/17,162,GELANG PATAH,48,SKUDAI,17,Hulubalang TUTA,3115
162/48/18,162,GELANG PATAH,48,SKUDAI,18,Skudai Utara,2442
162/48/19,162,GELANG PATAH,48,SKUDAI,19,Flat Perkasa 'B' TUTA,3598
162/48/20,162,GELANG PATAH,48,SKUDAI,20,Taman Jaya,2622
162/48/21,162,GELANG PATAH,48,SKUDAI,21,Bukit Impian,426
162/48/22,162,GELANG PATAH,48,SKUDAI,22,Mutiara Rini,3854
162/49/01,162,GELANG PATAH,49,ISKANDAR PUTERI,01,Kangkar Pulai,2865
162/49/02,162,GELANG PATAH,49,ISKANDAR PUTERI,02,Pertanian,3446
162/49/03,162,GELANG PATAH,49,ISKANDAR PUTERI,03,Kebangsaan,3827
162/49/04,162,GELANG PATAH,49,ISKANDAR PUTERI,04,Lima Kedai,2113
162/49/05,162,GELANG PATAH,49,ISKANDAR PUTERI,05,Gelang Patah Utara,6979
162/49/06,162,GELANG PATAH,49,ISKANDAR PUTERI,06,Kampong Pulai,444
162/49/07,162,GELANG PATAH,49,ISKANDAR PUTERI,07,Sungai Melayu,665
162/49/08,162,GELANG PATAH,49,ISKANDAR PUTERI,08,Tebing Runtoh,204
162/49/09,162,GELANG PATAH,49,ISKANDAR PUTERI,09,Kampong Pendas,225
162/49/10,162,GELANG PATAH,49,ISKANDAR PUTERI,10,Gelang Patah Selatan,1634
162/49/11,162,GELANG PATAH,49,ISKANDAR PUTERI,11,Tiram Duku,1619
162/49/12,162,GELANG PATAH,49,ISKANDAR PUTERI,12,Tanjong Kupang,829
162/49/13,162,GELANG PATAH,49,ISKANDAR PUTERI,13,Kampong Pok Besar,415
162/49/14,162,GELANG PATAH,49,ISKANDAR PUTERI,14,Tanjong Adang,1316
162/49/15,162,GELANG PATAH,49,ISKANDAR PUTERI,15,Penyiaran,2783
162/49/16,162,GELANG PATAH,49,ISKANDAR PUTERI,16,Kemuliaan,4027
162/49/17,162,GELANG PATAH,49,ISKANDAR PUTERI,17,Perubatan,2208
162/49/18,162,GELANG PATAH,49,ISKANDAR PUTERI,18,Pulai Indah,3728
162/49/19,162,GELANG PATAH,49,ISKANDAR PUTERI,19,Pulai Utama,2188
162/49/20,162,GELANG PATAH,49,ISKANDAR PUTERI,20,Sri Pulai Perdana,1434
163/50/01,163,KULAI,50,BUKIT PERMAI,01,Murni Jaya,908
163/50/02,163,KULAI,50,BUKIT PERMAI,02,Bukit Permai,1005
163/50/03,163,KULAI,50,BUKIT PERMAI,03,Inas,1255
163/50/04,163,KULAI,50,BUKIT PERMAI,04,Sedenak Utara,752
163/50/05,163,KULAI,50,BUKIT PERMAI,05,Sedenak Selatan,1289
163/50/06,163,KULAI,50,BUKIT PERMAI,06,Ladang Fraser,321
163/50/07,163,KULAI,50,BUKIT PERMAI,07,Pekan Sengkang,1724
163/50/08,163,KULAI,50,BUKIT PERMAI,08,FELDA Taib Andak,3501
163/50/09,163,KULAI,50,BUKIT PERMAI,09,Ladang Swee Lam,4950
163/50/10,163,KULAI,50,BUKIT PERMAI,10,Ladang Kelan,213
163/50/11,163,KULAI,50,BUKIT PERMAI,11,Bandar Kulai Utara,4295
163/50/12,163,KULAI,50,BUKIT PERMAI,12,Kampong Pertanian,802
163/50/13,163,KULAI,50,BUKIT PERMAI,13,Senai Baru,3666
163/50/14,163,KULAI,50,BUKIT PERMAI,14,Seelong,909
163/51/01,163,KULAI,51,BUKIT BATU,01,Ulu Choh,374
163/51/02,163,KULAI,51,BUKIT BATU,02,Bandar Ulu Choh,1333
163/51/03,163,KULAI,51,BUKIT BATU,03,Pulai,1152
163/51/04,163,KULAI,51,BUKIT BATU,04,Sri Pulai,3692
163/51/05,163,KULAI,51,BUKIT BATU,05,Teratai,2250
163/51/06,163,KULAI,51,BUKIT BATU,06,Kampong Rahmat,2043
163/51/07,163,KULAI,51,BUKIT BATU,07,Bukit Batu,2935
163/51/08,163,KULAI,51,BUKIT BATU,08,Ayer Manis,897
163/51/09,163,KULAI,51,BUKIT BATU,09,FELDA Bukit Batu,1626
163/51/10,163,KULAI,51,BUKIT BATU,10,Ayer Bemban,1522
163/51/11,163,KULAI,51,BUKIT BATU,11,Midland Kulai Young,600
163/51/12,163,KULAI,51,BUKIT BATU,12,Pekan Kelapa Sawit Barat,1726
163/51/13,163,KULAI,51,BUKIT BATU,13,Pekan Kelapa Sawit Tengah,2217
163/51/14,163,KULAI,51,BUKIT BATU,14,Pekan Kelapa Sawit Timor,1639
163/51/15,163,KULAI,51,BUKIT BATU,15,Kampong Sri Paya,2203
163/52/01,163,KULAI,52,SENAI,01,UTM,547
163/52/02,163,KULAI,52,SENAI,02,Saleng,3228
163/52/03,163,KULAI,52,SENAI,03,Bandar Senai Utara,2234
163/52/04,163,KULAI,52,SENAI,04,Bandar Senai Tengah,1718
163/52/05,163,KULAI,52,SENAI,05,Bandar Senai Selatan,2708
163/52/06,163,KULAI,52,SENAI,06,Taman Muhibbah,4038
163/52/07,163,KULAI,52,SENAI,07,Taman Aman,2634
163/52/08,163,KULAI,52,SENAI,08,Dawani,1645
163/52/09,163,KULAI,52,SENAI,09,Kota Kulai,2431
163/52/10,163,KULAI,52,SENAI,10,Taman Putri,2431
163/52/11,163,KULAI,52,SENAI,11,Taman Permai,2477
163/52/12,163,KULAI,52,SENAI,12,Bandar Kulai Barat,4070
163/52/13,163,KULAI,52,SENAI,13,Bandar Kulai Tengah,1906
163/52/14,163,KULAI,52,SENAI,14,Bandar Kulai Timor,2110
163/52/15,163,KULAI,52,SENAI,15,Kulai,5288
163/52/16,163,KULAI,52,SENAI,16,Ladang Kulai Besar,442
163/52/17,163,KULAI,52,SENAI,17,Lengkongan,1147
163/52/18,163,KULAI,52,SENAI,18,Taman Selatan,2969
164/53/01,164,PONTIAN,53,BENUT,01,Lubok Sipat,1175
164/53/02,164,PONTIAN,53,BENUT,02,Permatang Sepam,1011
164/53/03,164,PONTIAN,53,BENUT,03,Parit Betak,794
164/53/04,164,PONTIAN,53,BENUT,04,Permatang Duku,1266
164/53/05,164,PONTIAN,53,BENUT,05,Parit Mansor,1609
164/53/06,164,PONTIAN,53,BENUT,06,Parit Ismail,1660
164/53/07,164,PONTIAN,53,BENUT,07,Sri Jawa,1371
164/53/08,164,PONTIAN,53,BENUT,08,Parit Satu,833
164/53/09,164,PONTIAN,53,BENUT,09,Sanglang,2063
164/53/10,164,PONTIAN,53,BENUT,10,Simpang Jawa,2273
164/53/11,164,PONTIAN,53,BENUT,11,Benut,931
164/53/12,164,PONTIAN,53,BENUT,12,Bandar Benut Utara,1714
164/53/13,164,PONTIAN,53,BENUT,13,Bandar Benut Selatan,613
164/53/14,164,PONTIAN,53,BENUT,14,Parit Abdul Rahman,1499
164/53/15,164,PONTIAN,53,BENUT,15,Tampok,912
164/54/01,164,PONTIAN,54,PULAI SEBATANG,01,Kampong Parit Kahar,846
164/54/02,164,PONTIAN,54,PULAI SEBATANG,02,Parit Keroma,1067
164/54/03,164,PONTIAN,54,PULAI SEBATANG,03,Ayer Baloi,426
164/54/04,164,PONTIAN,54,PULAI SEBATANG,04,Bandar Ayer Baloi Selatan,667
164/54/05,164,PONTIAN,54,PULAI SEBATANG,05,Bandar Ayer Baloi Utara,1987
164/54/06,164,PONTIAN,54,PULAI SEBATANG,06,Parit Panjang,309
164/54/07,164,PONTIAN,54,PULAI SEBATANG,07,Kampong Parit Haji Karim,805
164/54/08,164,PONTIAN,54,PULAI SEBATANG,08,Parit Sikom,2117
164/54/09,164,PONTIAN,54,PULAI SEBATANG,09,Kampong Jawa,565
164/54/10,164,PONTIAN,54,PULAI SEBATANG,10,Pulai Sebatang,2407
164/54/11,164,PONTIAN,54,PULAI SEBATANG,11,Api - Api,560
164/54/12,164,PONTIAN,54,PULAI SEBATANG,12,Sungai Trus,2196
164/54/13,164,PONTIAN,54,PULAI SEBATANG,13,Pontian Besar Kiri,1765
164/54/14,164,PONTIAN,54,PULAI SEBATANG,14,Jalan Alsagoff,3484
164/54/15,164,PONTIAN,54,PULAI SEBATANG,15,Pantai Bandar Pontian,351
164/54/16,164,PONTIAN,54,PULAI SEBATANG,16,Pegawai,847
164/54/17,164,PONTIAN,54,PULAI SEBATANG,17,Jalan Taib,2134
164/54/18,164,PONTIAN,54,PULAI SEBATANG,18,Bakek,2334
164/54/19,164,PONTIAN,54,PULAI SEBATANG,19,Parit Semerah,1992
164/54/20,164,PONTIAN,54,PULAI SEBATANG,20,Parit Mesjid,3433
164/54/21,164,PONTIAN,54,PULAI SEBATANG,21,Parit Mesjid Darat,2644
165/55/01,165,TANJUNG PIAI,55,PEKAN NANAS,01,Parit Kudus,1374
165/55/02,165,TANJUNG PIAI,55,PEKAN NANAS,02,Tanjong Ayer Hitam,944
165/55/03,165,TANJUNG PIAI,55,PEKAN NANAS,03,Ladang South Malaya,1474
165/55/04,165,TANJUNG PIAI,55,PEKAN NANAS,04,Melayu Raya,1297
165/55/05,165,TANJUNG PIAI,55,PEKAN NANAS,05,Kampong Lubok Sawah,1272
165/55/06,165,TANJUNG PIAI,55,PEKAN NANAS,06,Tenggayon,3178
165/55/07,165,TANJUNG PIAI,55,PEKAN NANAS,07,Pengkalan Raja Pontian,1856
165/55/08,165,TANJUNG PIAI,55,PEKAN NANAS,08,Bandar Pekan Nenas Barat,2370
165/55/09,165,TANJUNG PIAI,55,PEKAN NANAS,09,Bandar Pekan Nenas Timor,2871
165/55/10,165,TANJUNG PIAI,55,PEKAN NANAS,10,Bandar Pekan Nenas Tengah,3681
165/55/11,165,TANJUNG PIAI,55,PEKAN NANAS,11,Bandar Pekan Nenas Selatan,2278
165/55/12,165,TANJUNG PIAI,55,PEKAN NANAS,12,Ladang Sungai Burong,2506
165/56/01,165,TANJUNG PIAI,56,KUKUP,01,Jalan Rimba Terjun,1706
165/56/02,165,TANJUNG PIAI,56,KUKUP,02,Kampong Duku,4361
165/56/03,165,TANJUNG PIAI,56,KUKUP,03,Kampong Rimba Terjun,2220
165/56/04,165,TANJUNG PIAI,56,KUKUP,04,Parit Hj Ismail,1183
165/56/05,165,TANJUNG PIAI,56,KUKUP,05,Rambah,1895
165/56/06,165,TANJUNG PIAI,56,KUKUP,06,Parit Rambai,893
165/56/07,165,TANJUNG PIAI,56,KUKUP,07,Peradin,690
165/56/08,165,TANJUNG PIAI,56,KUKUP,08,Telok Kerang,1935
165/56/09,165,TANJUNG PIAI,56,KUKUP,09,Penerok,2050
165/56/10,165,TANJUNG PIAI,56,KUKUP,10,Sungai Boh,754
165/56/11,165,TANJUNG PIAI,56,KUKUP,11,Bandar Permas Kechil,666
165/56/12,165,TANJUNG PIAI,56,KUKUP,12,Permas Kechil,2328
165/56/13,165,TANJUNG PIAI,56,KUKUP,13,Sungai Durian,1570
165/56/14,165,TANJUNG PIAI,56,KUKUP,14,Serkat,1401
165/56/15,165,TANJUNG PIAI,56,KUKUP,15,Andek Mori,1462